<?xml version="1.0" encoding="UTF-8"?>

<AnalyzerReport build_fw="c-assess" platform_name="ubuntu-16.04-64" assess_fw_version="1.1.22" uuid="7b15eace-3acf-4684-9df8-2acd8579ac02" package_name="c_files_4.9.2" build_root_dir="/home/builder/build" tool_version="1.75" parser_fw_version="3.1.8" parser_fw="resultparser" package_root_dir="pkg1" package_version="1.0" assessment_start_ts="1566899038.851921" tool_name="cppcheck" build_fw_version="1.1.22" assess_fw="c-assess">
  <BugInstance id="0">
    <Methods></Methods>
    <BugLocations>
      <Location id="1" primary="true">
        <SourceFile>pkg1/src_tools_pegasus-kickstart_interpose.c</SourceFile>
        <StartLine>214</StartLine>
        <EndLine>214</EndLine>
        <Explanation>The scope of the variable 'addrstr' can be reduced.</Explanation>
      </Location>
    </BugLocations>
    <CweId>398</CweId>
    <BugGroup>style</BugGroup>
    <BugCode>variableScope</BugCode>
    <BugMessage>The scope of the variable 'addrstr' can be reduced. Warning: Be careful when fixing this message, especially when there are inner loops. Here is an example where cppcheck will write that the scope for 'i' can be reduced:
void f(int x)
{
    int i = 0;
    if (x) {
        // it's safe to move 'int i = 0;' here
        for (int n = 0; n &lt; 10; ++n) {
            // it is possible but not safe to move 'int i = 0;' here
            do_something(&amp;i);
        }
    }
}
When you see this message it is always safe to reduce the variable scope 1 level.

Bug Path:

*** pkg1/src_tools_pegasus-kickstart_interpose.c:214 ****** Primary Bug Location
  The scope of the variable 'addrstr' can be reduced.
</BugMessage>
    <BugTrace>
      <BuildId>2</BuildId>
      <AssessmentReportFile>assessment_report2.xml</AssessmentReportFile>
      <InstanceLocation>
        <Xpath>results/errors/error[0]</Xpath>
      </InstanceLocation>
    </BugTrace>
  </BugInstance>
  <BugInstance id="1">
    <Methods></Methods>
    <BugLocations>
      <Location id="1" primary="true">
        <SourceFile>pkg1/src_tools_pegasus-kickstart_interpose.c</SourceFile>
        <StartLine>372</StartLine>
        <EndLine>372</EndLine>
        <Explanation>Checking if unsigned variable 'asize' is less than zero.</Explanation>
      </Location>
    </BugLocations>
    <CweId>570</CweId>
    <BugGroup>style</BugGroup>
    <BugCode>unsignedLessThanZero</BugCode>
    <BugMessage>The unsigned variable 'asize' will never be negative so it is either pointless or an error to check if it is.

Bug Path:

*** pkg1/src_tools_pegasus-kickstart_interpose.c:372 ****** Primary Bug Location
  Checking if unsigned variable 'asize' is less than zero.
</BugMessage>
    <BugTrace>
      <BuildId>2</BuildId>
      <AssessmentReportFile>assessment_report2.xml</AssessmentReportFile>
      <InstanceLocation>
        <Xpath>results/errors/error[1]</Xpath>
      </InstanceLocation>
    </BugTrace>
  </BugInstance>
  <BugInstance id="2">
    <Methods></Methods>
    <BugLocations>
      <Location id="1" primary="true">
        <SourceFile>pkg1/src_tools_pegasus-kickstart_interpose.c</SourceFile>
        <StartLine>253</StartLine>
        <EndLine>253</EndLine>
        <Explanation>Non reentrant function 'readdir' called. For threadsafe applications it is recommended to use the reentrant replacement function 'readdir_r'.</Explanation>
      </Location>
    </BugLocations>
    <CweId>477</CweId>
    <BugGroup>portability</BugGroup>
    <BugCode>readdirCalled</BugCode>
    <BugMessage>Non reentrant function 'readdir' called. For threadsafe applications it is recommended to use the reentrant replacement function 'readdir_r'.</BugMessage>
    <BugTrace>
      <BuildId>2</BuildId>
      <AssessmentReportFile>assessment_report2.xml</AssessmentReportFile>
      <InstanceLocation>
        <Xpath>results/errors/error[2]</Xpath>
      </InstanceLocation>
    </BugTrace>
  </BugInstance>
  <BugInstance id="3">
    <Methods></Methods>
    <BugLocations>
      <Location id="1" primary="true">
        <SourceFile>pkg1/src_tools_pegasus-kickstart_interpose.c</SourceFile>
        <StartLine>324</StartLine>
        <EndLine>324</EndLine>
        <Explanation>Obsolescent function 'bzero' called. It is recommended to use 'memset' instead.</Explanation>
      </Location>
    </BugLocations>
    <CweId>477</CweId>
    <BugGroup>style</BugGroup>
    <BugCode>bzeroCalled</BugCode>
    <BugMessage>Obsolescent function 'bzero' called. It is recommended to use 'memset' instead.</BugMessage>
    <BugTrace>
      <BuildId>2</BuildId>
      <AssessmentReportFile>assessment_report2.xml</AssessmentReportFile>
      <InstanceLocation>
        <Xpath>results/errors/error[3]</Xpath>
      </InstanceLocation>
    </BugTrace>
  </BugInstance>
  <BugInstance id="4">
    <Methods></Methods>
    <BugLocations>
      <Location id="1" primary="true">
        <SourceFile>pkg1/src_tools_pegasus-kickstart_interpose.c</SourceFile>
        <StartLine>2090</StartLine>
        <EndLine>2090</EndLine>
        <Explanation>Memory leak: argv</Explanation>
      </Location>
    </BugLocations>
    <CweId>401</CweId>
    <BugGroup>error</BugGroup>
    <BugCode>memleak</BugCode>
    <BugMessage>Memory leak: argv</BugMessage>
    <BugTrace>
      <BuildId>2</BuildId>
      <AssessmentReportFile>assessment_report2.xml</AssessmentReportFile>
      <InstanceLocation>
        <Xpath>results/errors/error[4]</Xpath>
      </InstanceLocation>
    </BugTrace>
  </BugInstance>
  <BugInstance id="5">
    <Methods></Methods>
    <BugLocations>
      <Location id="1" primary="true">
        <SourceFile>pkg1/src_tools_pegasus-kickstart_interpose.c</SourceFile>
        <StartLine>2124</StartLine>
        <EndLine>2124</EndLine>
        <Explanation>Memory leak: argv</Explanation>
      </Location>
    </BugLocations>
    <CweId>401</CweId>
    <BugGroup>error</BugGroup>
    <BugCode>memleak</BugCode>
    <BugMessage>Memory leak: argv</BugMessage>
    <BugTrace>
      <BuildId>2</BuildId>
      <AssessmentReportFile>assessment_report2.xml</AssessmentReportFile>
      <InstanceLocation>
        <Xpath>results/errors/error[5]</Xpath>
      </InstanceLocation>
    </BugTrace>
  </BugInstance>
  <BugInstance id="6">
    <Methods></Methods>
    <BugLocations>
      <Location id="1" primary="true">
        <SourceFile>pkg1/src_tools_pegasus-kickstart_interpose.c</SourceFile>
        <StartLine>2159</StartLine>
        <EndLine>2159</EndLine>
        <Explanation>Memory leak: argv</Explanation>
      </Location>
    </BugLocations>
    <CweId>401</CweId>
    <BugGroup>error</BugGroup>
    <BugCode>memleak</BugCode>
    <BugMessage>Memory leak: argv</BugMessage>
    <BugTrace>
      <BuildId>2</BuildId>
      <AssessmentReportFile>assessment_report2.xml</AssessmentReportFile>
      <InstanceLocation>
        <Xpath>results/errors/error[6]</Xpath>
      </InstanceLocation>
    </BugTrace>
  </BugInstance>
  <BugSummary>
    <BugCategory group="error" code="memleak" count="3" bytes="2163" />
    <BugCategory group="portability" code="readdirCalled" count="1" bytes="979" />
    <BugCategory group="style" code="bzeroCalled" count="1" bytes="847" />
    <BugCategory group="style" code="unsignedLessThanZero" count="1" bytes="1016" />
    <BugCategory group="style" code="variableScope" count="1" bytes="1446" />
  </BugSummary>
</AnalyzerReport>